<?xml version="1.0" encoding="UTF-8"?>
<project-private xmlns="http://www.netbeans.org/ns/project-private/1">
    <editor-bookmarks xmlns="http://www.netbeans.org/ns/editor-bookmarks/1"/>
    <editor-bookmarks xmlns="http://www.netbeans.org/ns/editor-bookmarks/2" lastBookmarkId="0"/>
    <open-files xmlns="http://www.netbeans.org/ns/projectui-open-files/2">
        <group>
            <file>file:/H:/lavoro/local-repo/epuck-working/e-puck-gna-svn/library/a_d/advance_ad_scan/e_ad_conv.c</file>
            <file>file:/H:/lavoro/local-repo/epuck-working/e-puck-gna-svn/program/DemoGCtronic-complete/Asercom.c</file>
            <file>file:/H:/lavoro/local-repo/epuck-working/e-puck-gna-svn/program/DemoGCtronic-complete/main_c.c</file>
        </group>
    </open-files>
</project-private>
